{
  "providers": {
    "awscloudformation": {
      "AuthRoleName": "amplify-amplifyapp-dev-142643-authRole",
      "UnauthRoleArn": "arn:aws:iam::461201024223:role/amplify-amplifyapp-dev-142643-unauthRole",
      "AuthRoleArn": "arn:aws:iam::461201024223:role/amplify-amplifyapp-dev-142643-authRole",
      "Region": "us-east-1",
      "DeploymentBucketName": "amplify-amplifyapp-dev-142643-deployment",
      "UnauthRoleName": "amplify-amplifyapp-dev-142643-unauthRole",
      "StackName": "amplify-amplifyapp-dev-142643",
      "StackId": "arn:aws:cloudformation:us-east-1:461201024223:stack/amplify-amplifyapp-dev-142643/7abfb610-c3d8-11ed-bc5c-0a9a233a7b57",
      "AmplifyAppId": "d1zga397vnppsr"
    }
  },
  "api": {
    "amplifyapp": {
      "service": "AppSync",
      "providerPlugin": "awscloudformation",
      "dependsOn": [],
      "output": {
        "authConfig": {
          "defaultAuthentication": {
            "authenticationType": "API_KEY",
            "apiKeyConfig": {
              "apiKeyExpirationDays": 7
            }
          },
          "additionalAuthenticationProviders": []
        },
        "GraphQLAPIIdOutput": "nxc3ff7ljbblxcol74mqyhtuli",
        "GraphQLAPIEndpointOutput": "https://fpomnfvzcjhkneblevjutjlpay.appsync-api.us-east-1.amazonaws.com/graphql",
        "GraphQLAPIKeyOutput": "da2-du32joanpvd5nhbnkozevsvlce"
      },
      "providerMetadata": {
        "s3TemplateURL": "https://s3.amazonaws.com/amplify-amplifyapp-dev-142643-deployment/amplify-cfn-templates/api/cloudformation-template.json",
        "logicalId": "apiamplifyapp"
      },
      "lastPushTimeStamp": "2023-03-20T16:29:27.994Z",
      "lastPushDirHash": "NWu5E9qSr9ChNxtHWdArVB3eJrk="
    }
  },
  "auth": {
    "amplifyapp54479232": {
      "service": "Cognito",
      "providerPlugin": "awscloudformation",
      "dependsOn": [],
      "customAuth": false,
      "frontendAuthConfig": {
        "socialProviders": [],
        "usernameAttributes": [],
        "signupAttributes": [
          "EMAIL"
        ],
        "passwordProtectionSettings": {
          "passwordPolicyMinLength": 8,
          "passwordPolicyCharacters": []
        },
        "mfaConfiguration": "OFF",
        "mfaTypes": [
          "SMS"
        ],
        "verificationMechanisms": [
          "EMAIL"
        ]
      },
      "providerMetadata": {
        "s3TemplateURL": "https://s3.amazonaws.com/amplify-amplifyapp-dev-142643-deployment/amplify-cfn-templates/auth/amplifyapp54479232-cloudformation-template.json",
        "logicalId": "authamplifyapp54479232"
      },
      "lastPushTimeStamp": "2023-03-20T16:29:22.929Z",
      "output": {
        "UserPoolId": "us-east-1_I5S5gRM50",
        "AppClientIDWeb": "6vp609du49sp2vs5kdprfqtoti",
        "AppClientID": "76soff502q2bb9sl5vj07bqdim",
        "IdentityPoolId": "us-east-1:9189099b-84e2-4cbf-8711-74aae5ec9649",
        "UserPoolArn": "arn:aws:cognito-idp:us-east-1:461201024223:userpool/us-east-1_I5S5gRM50",
        "IdentityPoolName": "amplifyapp54479232_identitypool_54479232__dev",
        "UserPoolName": "amplifyapp54479232_userpool_54479232"
      },
      "lastPushDirHash": "hP298+WnIJ6gAPk1ZaSC9nxvoLI="
    }
  }
}