{
  "dev": {
    "awscloudformation": {
      "AuthRoleName": "amplify-amplifyapp-dev-142643-authRole",
      "UnauthRoleArn": "arn:aws:iam::461201024223:role/amplify-amplifyapp-dev-142643-unauthRole",
      "AuthRoleArn": "arn:aws:iam::461201024223:role/amplify-amplifyapp-dev-142643-authRole",
      "Region": "us-east-1",
      "DeploymentBucketName": "amplify-amplifyapp-dev-142643-deployment",
      "UnauthRoleName": "amplify-amplifyapp-dev-142643-unauthRole",
      "StackName": "amplify-amplifyapp-dev-142643",
      "StackId": "arn:aws:cloudformation:us-east-1:461201024223:stack/amplify-amplifyapp-dev-142643/7abfb610-c3d8-11ed-bc5c-0a9a233a7b57",
      "AmplifyAppId": "d1zga397vnppsr"
    },
    "categories": {
      "api": {
        "amplifyapp": {}
      },
      "auth": {
        "amplifyapp54479232": {}
      }
    }
  }
}